<TemplateList>
	<TemplateListSet>
		<ID>1</ID>
		<Name><![CDATA[Cascade]]></Name>
		<Locked>Yes</Locked>
		<System>Yes</System>
		<TemplateCount>0</TemplateCount>
		<Templates>
			<TemplateInfo>
				<ID>7A473404-EA41-0C87-66B4-060C99E7048A</ID>
				<SetName>Cascade</SetName>
				<Name>11x8.5_01_001</Name>
				<Type>template_type_split</Type>
				<WidthInches>11</WidthInches>
				<HeightInches>8.5</HeightInches>
				<AlbumWidthInches>11</AlbumWidthInches>
				<AlbumHeightInches>8.5</AlbumHeightInches>
				<DropZones>
					<DropZone>
						<X>3.4572</X>
						<Y>1.162</Y>
						<Z>0</Z>
						<Width>4.0856</Width>
						<Height>6.1816</Height>
						<BGColor>-1</BGColor>
						<StrokeWidth>0</StrokeWidth>
						<StrokeColor>0</StrokeColor>
						<Opacity>1</Opacity>
						<Rotation>0</Rotation>
					</DropZone>
				</DropZones>
				<Texts>
				</Texts>
			</TemplateInfo>
			<TemplateInfo>
				<ID>C4754856-2135-0111-3441-28032A7F4614</ID>
				<SetName>Cascade</SetName>
				<Name>11x8.5_01_002</Name>
				<Type>template_type_split</Type>
				<WidthInches>11</WidthInches>
				<HeightInches>8.5</HeightInches>
				<AlbumWidthInches>11</AlbumWidthInches>
				<AlbumHeightInches>8.5</AlbumHeightInches>
				<DropZones>
					<DropZone>
						<X>2.0428</X>
						<Y>1.78</Y>
						<Z>0</Z>
						<Width>6.9144</Width>
						<Height>4.9452</Height>
						<BGColor>-1</BGColor>
						<StrokeWidth>0</StrokeWidth>
						<StrokeColor>0</StrokeColor>
						<Opacity>1</Opacity>
						<Rotation>0</Rotation>
					</DropZone>
				</DropZones>
				<Texts>
				</Texts>
			</TemplateInfo>
			<TemplateInfo>
				<ID>E43E3747-722E-DECE-67A6-D62BD5A35F48</ID>
				<SetName>Cascade</SetName>
				<Name>11x8.5_01_003</Name>
				<Type>template_type_split</Type>
				<WidthInches>11</WidthInches>
				<HeightInches>8.5</HeightInches>
				<AlbumWidthInches>11</AlbumWidthInches>
				<AlbumHeightInches>8.5</AlbumHeightInches>
				<DropZones>
					<DropZone>
						<X>6.6</X>
						<Y>0.3092</Y>
						<Z>0</Z>
						<Width>4.0856</Width>
						<Height>7.881600000000001</Height>
						<BGColor>-1</BGColor>
						<StrokeWidth>0</StrokeWidth>
						<StrokeColor>0</StrokeColor>
						<Opacity>1</Opacity>
						<Rotation>0</Rotation>
					</DropZone>
				</DropZones>
				<Texts>
				</Texts>
			</TemplateInfo>
			<TemplateInfo>
				<ID>3FB56645-C223-5FE9-E455-1ED639E33594</ID>
				<SetName>Cascade</SetName>
				<Name>11x8.5_01_004</Name>
				<Type>template_type_split</Type>
				<WidthInches>11</WidthInches>
				<HeightInches>8.5</HeightInches>
				<AlbumWidthInches>11</AlbumWidthInches>
				<AlbumHeightInches>8.5</AlbumHeightInches>
				<DropZones>
					<DropZone>
						<X>6.223199999999999</X>
						<Y>3.8328</Y>
						<Z>0</Z>
						<Width>4.4</Width>
						<Height>4.3271999999999995</Height>
						<BGColor>-1</BGColor>
						<StrokeWidth>0</StrokeWidth>
						<StrokeColor>0</StrokeColor>
						<Opacity>1</Opacity>
						<Rotation>0</Rotation>
					</DropZone>
				</DropZones>
				<Texts>
				</Texts>
			</TemplateInfo>
			<TemplateInfo>
				<ID>5DA05F01-A351-D741-B252-B540EC925ACD</ID>
				<SetName>Cascade</SetName>
				<Name>22x8.5_04_009</Name>
				<Type>template_type_pano</Type>
				<WidthInches>22</WidthInches>
				<HeightInches>8.5</HeightInches>
				<AlbumWidthInches>11</AlbumWidthInches>
				<AlbumHeightInches>8.5</AlbumHeightInches>
				<DropZones>
					<DropZone>
						<X>0.6284</X>
						<Y>0.6184</Y>
						<Z>0</Z>
						<Width>5.1856</Width>
						<Height>2.7936</Height>
						<BGColor>-1</BGColor>
						<StrokeWidth>0</StrokeWidth>
						<StrokeColor>0</StrokeColor>
						<Opacity>1</Opacity>
						<Rotation>0</Rotation>
					</DropZone>
					<DropZone>
						<X>0.6284</X>
						<Y>5.0872</Y>
						<Z>0</Z>
						<Width>5.1856</Width>
						<Height>2.7936</Height>
						<BGColor>-1</BGColor>
						<StrokeWidth>0</StrokeWidth>
						<StrokeColor>0</StrokeColor>
						<Opacity>1</Opacity>
						<Rotation>0</Rotation>
					</DropZone>
					<DropZone>
						<X>16.185200000000002</X>
						<Y>5.0872</Y>
						<Z>0</Z>
						<Width>5.1856</Width>
						<Height>2.7936</Height>
						<BGColor>-1</BGColor>
						<StrokeWidth>0</StrokeWidth>
						<StrokeColor>0</StrokeColor>
						<Opacity>1</Opacity>
						<Rotation>0</Rotation>
					</DropZone>
					<DropZone>
						<X>16.185200000000002</X>
						<Y>0.6184</Y>
						<Z>0</Z>
						<Width>5.1856</Width>
						<Height>2.7936</Height>
						<BGColor>-1</BGColor>
						<StrokeWidth>0</StrokeWidth>
						<StrokeColor>0</StrokeColor>
						<Opacity>1</Opacity>
						<Rotation>0</Rotation>
					</DropZone>
				</DropZones>
				<Texts>
				</Texts>
			</TemplateInfo>
		</Templates>
	</TemplateListSet>
</TemplateList>			